movie_title,review,sentiment
Forrest Gump,"This is a pretty pointless remake. Starting with the opening title shots of the original was a real mistake as it reminds the viewer of what a great little period piece chiller that was. The new version that follows is an exercise in redundancy.<br /><br />Brian Kerwin plays a 'city boy' photographer who returns to a semi-abandoned desert town populated by a scattering of underdeveloped clichéd stock characters: the lollipop sucking Daby-Doll Lolita, the 'ornery old coot prospector, the crippled vet and his Asian wife, etc...<br /><br />Kerwin's character witnesses the crashing of 'something' into a hillside and shortly after strange things start to happen as pieces of weird blue rock are scattered around. The temperature starts to rise, all the water in the area vanishes, people start to act weirdly, things explode. Kerwin's character gets in and out of his car more often than is humanly possible in one movie. The film develops no sense of place, no character development, no humour, no tension. Everything that made the Jack Arnold's original a creepy little Cold-war paranoia classic has been abandoned. It just runs through its minimal hoops and then just ends.<br /><br />The special effects aren't very special - the interior of the ship looks like bits of cling film wrapped round some ropes which were then dangled in front of the camera to frame some of the most uninspired and clumsy wire-work ever put onto the screen. The script is repetitive - everyone says everything at least twice, Kerwin gets to say ""let's get out of here"" at least three times during the movie, twice in one scene. Loads of things are left unexplained at the end - why do the aliens need all the heat and water for example? - not that anyone watching would care; if the film makers didn't care why should we?<br /><br />The acting is adequate - better than the script, which at times, has an under-rehearsed improvisational quality, deserves. Though often the actors look like they just want to get the thing over with as quickly as possible - a notable example of this is when Elizabeth Peña registers the briefest, token moment of ""frustrated despair hands to face gesture"" before following sulking son Stevie outside to watch him do ""angry sulky teenager smashing something off a table"" gesture. <br /><br />Continuity errors include the (GB) sticker on the back of Kerwin's jeep appearing and disappearing, a double action of the gas in the exploding car, a towns-person being in two places simultaneously - once in the Alien Stevie's POV shot then immediately afterwards in a reaction shot, Elizabeth Peña appearing to shut a car door twice... you can tell I was gripped can't you? The movie commits that greatest of errors. It's boring.",negative
Forrest Gump,"I agree with the comments regarding the downward spin. The last view shows have been a little better, but surely the writers need some more direction. I think the characters are still interesting, although sometimes they spin into the ""white trash"" things a little too much. Subtlety and nuance goes a long way on shows like ""Office"". I would think the target audience is somewhat similar being they are both on the same night and lineup. One would think that Karma and the whole eastern religion thing is a big enough topic to bring some different and interesting shows, but they only scratch the surface of the subject. In my opinion it shows the contempt that many people have in Hollywood about the level of intelligence of the masses. We can handle more heady content. It has been proved before in many other shows.",negative
La La Land,"I picked up this movie with the intention of getting a bad zombie movie. But I had no Idea what I was getting myself into.<br /><br />I started the movie and soon I had been pulled into a world of pain and visual torture.<br /><br />I finally know what hell is like. It's this movie. For eternity. This movie has no value. It didn't even really have a plot. There was stuff going on in each scene but no overall explanation why anything happens.<br /><br />Instead of watching this movie I suggest that you line the nearest blender with oil and try and stuff as many bullets in it as you can. You will find that the outcome to be far more pleasant than this movie.<br /><br />Don't even watch it. Not even to see how bad it is. I beg you. If you watch it, then it means they win.",negative
The Shawshank Redemption,"I thought this movie was LOL funny. It's a fun, not to be taken seriously, movie about one man's twisted views on life, love, and... well, ladies ""from the lowly bus station skank, to the high-class débutante... bus station skank."" Tim meadows plays a guy (Leon Phelps) who was raised by in a Playboy-style mansion by a Hugh Hefner-esquire father figure, surrounded constantly by beautiful porn models and actresses. When his ""father"" kicks him out on the street he must learn to fend for himself with nothing but the chauvinistic outlook on life that his youth has taught him... that and an unfathomable, nearly mystical level of charm and dumb luck. And so the hijinx begin! If you haven't seen this movie and you enjoy a light-hearted, semi-mindless, comedy/love story, then I highly recommend renting ""the Ladies' Man"".",positive
Spider-Man,"This was an interesting study in societal sexuality, as well as the ""dark interests"" of man.<br /><br />While I can't say the wife was a strong character - she was the wrong choice for the part, in my opinion - she was a rich kid in search of escaping her drool life. She was a rebel in fact, and never fully matured for her husband, a lawyer (Rickman). It's obvious he married her for her money and to cover his sexual desires, which is taboo. Rickman played his part to a tee, his flirtations with the young man, and very subtle undertones of gayness. The young man was gay to the hilt! When he did Marilyn impersonation that should have told the wife everything. He was perfectly cast as well. He has hustler written all over him.<br /><br />I was not crazy about the ending, as I knew what was coming. Overall though, the acting from Rickman was great, Reedus was good, Walker was okay but I had misgivings. For a gay themed movie, it was average, but not blatant at least. It's worth viewing if you don't have ""Truly Madly Deeply"" lying around for a spin.",positive
Fight Club,"""Panic in the Streets"" was a decent thriller, but I felt a bit disappointed by it. The central theme of a city being attacked by a plague in modern times is fascinating, but the film never really explores or develops it. Its well made and entertaining, but its not as interesting as it should have been. The screenplay for this one is really weak and brings the whole film down. None of the central characters are really compelling or believable.<br /><br />Fortunately, the film is very well made so it compensates for the weak scripting. The direction by Elia Kazan keeps the film suspenseful and moving at a lightning quick pace. There are some standout sequences, particularly the memorable chase climax. When his direction was combined with better screenplays several years later, the man could mostly do no wrong.<br /><br />The acting is also very good. Richard Widmark was always a watchable leading man and does what he can with an underwritten character. Paul Douglas spends his time yelling a bit too much but does a decent job as well. The standouts in the cast are the two villains. Zero Mostel, known primarily for his comic roles, is effectively slimy as one of cinema's ultimate toady characters. Jack Palance is, unsurprisingly, a chilling villain. ""Panic in the Streets"" is disappointing but still worth watching. (7/10)",positive
Star Wars: A New Hope,"I was really hoping that this would be a funny show, given all the hype and the clever preview clips. And talk about hype, I even heard an interview with the show's creator on the BBC World Today - a show that is broadcast all over the world.<br /><br />Unfortunately, this show doesn't even come close to delivering. All of the jokes are obvious - the kind that sound kind of funny the first time you hear them but after that seem lame - and they are not given any new treatment or twist. All of the characters are one-dimensional. The acting is - well - mediocre (I'm being nice). It's the classic CBC recipe - one that always fails.<br /><br />If you're Muslim I think you would have to be stupid to believe any of the white characters, and if you're white you'd probably be offended a little by the fact that almost all of the white characters are portrayed as either bigoted, ignorant, or both. Not that making fun of white people is a problem - most of the better comedies are rooted in that. It's only a problem when it isn't funny - as in this show.<br /><br />Canada is bursting with funny people - so many that we export them to Hollywood on a regular basis. So how come the producers of this show couldn't find any?",negative
Joker,"This is a truly magnificent and heartwrenching film!!!! Ripstein's locations are spectacular, extremely detailed and well lit, the dialogue is extraordinarily García Márquez, no doubt about it. Fernando Luján and Marisa Paredes give us outstanding performances as the colonel and his wife.<br /><br />You must see it!!!",positive
Pulp Fiction,"I have never seen a movie so bad. It's not even entertaining enough to be a drinking game.<br /><br />It's SO bad, I don't even want to talk about it... and that's the whole point of this, isn't it? PLEASE. Don't bother to see this movie. 'Nuf said.",negative
Parasite,"EDMUND LOWE (who reminds me somewhat of Warren William), heads the nice cast of an interesting little mystery that moves at a brisk pace and runs just a little over an hour.<br /><br />Douglas Walton plays the unlucky jockey who appears to be intent on his own demise (hypnotism, anyone?), and the suspects include a good number of the supporting cast--everyone from Virginia Bruce, Kent Smith, Frieda Inescourt, Gene Lockhart, Jessie Ralph, Benita Hume, Rosalind Ivan and H.B. Warner. As an added bonus, there's Nat Pendleton as a dimwit detective--and furthermore, get a load of that art deco set decoration for the fancy interiors of a wealthy home. Must have been a set that was used in many a subsequent film.<br /><br />On the plus side, the mystery is not so complicated that anyone can follow the plot with reasonable assurance of not being too baffled. It's all suddenly clear to detective Philo Vance--and then he has a final confrontation with the murderer that gives the film a nifty five minutes of unmitigated suspense.<br /><br />Nicely done and passes the time in an entertaining manner.",positive
The Matrix,"I won't waste a whole lot of time of this one because as far as I'm concerned it isn't really a movie to start with, just a careless mish-mash of borrowed footage and embarrassingly amateurish new footage made solely for the purpose of pasting the whole mess together and call it a ""Boogeyman"" sequel. Literally 80% of this film is stolen from its far superior predecessor ""The Boogeyman"", a film that the writers of this garbage apparently didn't even bother to watch because they couldn't even get actress Suzanna Love's original character's name (Lacy) right. And to add insult to injury the killer is invisible in the original footage and visible in the new footage, apparently they think their audience is as stupid as they are. 0 out of 10 and I wish IMDb's rating system went that low, the most callous and blatant attempt to rip off people's money I've even seen, YOU HAVE BEEN WARNED!",negative
The Godfather,"Its hard to make heads or tails of this film. Unless you're well oiled and in the mood to mock, don't view Santa Claus. It mixes Santa, Satan, Merlin, and moralizing in a most unappetizing way. It certainly is not for fretful children.",negative
Forrest Gump,"I watched this because I thought there were going to be a lot of car chases and cool cars to gawk at. Guess I was lied to. This movie is very boring.<br /><br />The movie starts out Kip Raines(Giovanni Ribisi) sitting outside a Porsche dealership checking to see if they have the right car. When they confirm it's the right one, Kip gets a brick out of the trunk and chucks it at the window, shattering it. He gets the Porsche while his friend gets the keys. They start up the car and take off into the night. They deliver it to a warehouse only to have been followed by the police. So, the whole crew ditches all the cars and go their separate ways. Then, we get a glimpse of Memphis Raines. He is giving a little speech to a bunch of kids at a go-kart track. Then, he is confronted by Atlee Jackson(Will Patton). Atlee tells Memphis that his brother Kip is in deep *bleep*. Memphis is known as one of the most notorious car thieves in Los Angeles. Memphis heads to a junkyard and meets Raymond Calitri(Christopher Ecclesten). This guy threatens to kill Kip if Memphis doesn't deliver 50 cars within 72 hours.<br /><br />There are a few problems with this film: <br /><br />1.Story: The first 48 in-movie hours take place when Cage and Duvall are looking for a crew and planning everything out. The last 12 in-movie hours are a waste! <br /><br />2. The Cars: You see maybe 10 cars out of the 50 as the movie advertises. So, where are the other 40 cars? Why don't we get to see them? <br /><br />3. The Chase: The chase at the end of the movie was a joke. It was not suspenseful at all.<br /><br />4. The Dog: Somewhere in the movie, the dog eats the burgers and swallows three keys as well. This is impossible. The keys were flipped open. The keys would have severely damaged the dog's esophagus, stomach, and large intestines. The guys suggest giving the dog laxatives to help him poop it out. This won't work. The dog will get a lot of diarrhea but no keys. It was stated in Jackass after Ryan Dunne stuck a toy car up his rectum. Take laxatives, lots of diarrhea, but no car. Same case with the dog.<br /><br />5. The Cop During The Chase: When Eleanor breaks down for a few minutes, Nicholas Cage tries desperately to start up the car. You see a police cruiser behind him who isn't looking at his car at all. But, right when Nicholas Cage starts the engine up again, the police officer jerks his head to the right, sees the car, and immediately begins to chase after him. It is stupid. So, right when he heard the engine start, and saw the car, he knew that was the car he was looking for. How does he know it's the right car? He only sees the back of it.<br /><br />Overall, the movie is boring. There is no action. There are very few cars. The movie is stupid. I have never seen the original but I plan to.<br /><br />I give this movie 1 star out of 10. Get The Fast and Furious instead.",negative
Dune,"This film is hard to knock. It follows in the tradition of Pulp Fiction, yet succeeds further by stamping its own unique style. The cast is awesome, the script is great - and things like the odd (Pulp Fiction-esque) time-sequencing is done brilliantly. I particularly like how the images provided in flash back vary dramatically depending on who is telling the story at the time. When it is one of the indoctrinated criminals everything is flashy and cool, but when it is the hero's recollection everything is skanky and disgusting.<br /><br />This is an awesome film - and so I am extremely annoyed to find that I cant buy it anywhere!",positive
La La Land,"I loved KOLCHAK: THE NIGHT STALKER since I saw it on the night it premiered on September 13, 1974. I loved the monsters which seemed scary at the time and the cool music by Gil Melle (hey, where's the soundtrack guys?) and have often thought about what makes this show work for me so completely and have finally concluded that the reason it endures when many others do not is one simple, important element it has that almost no other scary show seems to have and that is a main character that most people can relate to on an everyday level. When Darren McGavin's Carl Kolchak starts to discover odd situations, he reacts like most people would. He finds them odd and as he gets closer to danger, he is frightened, even if he knows he must move forward to try to defeat whichever menace is being showcased in that episode. It's rare that he is brave enough to stand up against some superior supernatural force. He's usually set a trap and is hiding or waiting in the wings to see if it works. Sometimes, he seems as surprised that he managed to defeat a foe as we are. In one episode, he goes to find a monster in a sewer but when he first sees it, he runs to get out of there but is trapped so reluctantly, he must go back and defend himself. He's heroic because he is willing to do things most of us probably wouldn't do but that doesn't mean he probably wouldn't much rather someone else did it instead of him. He's a regular guy, doing a job, trying to make a buck, not a monster-hunter. He just gets wrapped up in things involving the supernatural, which he has an interest in but he doesn't want to be hurt or killed anymore than any of the rest of us do. If his plan to defeat the creature didn't work, you will often see him running for his life to get away from it, which is of course what I would do in the situation. That's why I was often watching the climax of the shows through my fingers as a kid. Kolchak was likable and you cared if something bad happened to him. You were scared for him and for the other characters too. The producers and writers obviously knew that anyone can create a monster suit, scary music and direct a suspenseful scene but it's all for naught if you don't care about the characters. Darren McGavin said that the reason why the show only lasted on season was because he got tired of doing a ""monster of the week"" show and he decided not to continue. I can tell you I mourned when this show was canceled when I was a kid but, as an adult, I can see why it couldn't go on in that formula for very long. I still love the 20 episodes and two movies that starred McGavin as the bumbling, determined and brusk but good-hearted reporter for the INS, known as Carl Kolchak. I seriously doubt anyone who makes shows or movies will ever really understand why I loved the show. It's not the monsters, darkly-lit sets, creepy music or goofy guest stars, although they are all vital ingredients. The secret to it's success is right there in the title - ""Kolchak: The Night Stalker"". Without McGavin's lovable, bumbling Carl Kolchak to root for and to care for, then it just ain't a Night Stalker.",positive
Spider-Man,"Rented the movie as a joke. My friends and I had so much fun laughing at it that I went and found a used copy and bought it for myself. Now when all my friends are looking for a funny movie I give them Sasquatch Hunters. It needs to be said though there is a rule that was made that made the movie that much better. No talking is allowed while the movie is on unless the words are Sasquatch repeated in a chant. I loved the credit at the end of the movie as well. ""Thanks for the Jeep, Tom!"" Whoever Tom is I say thank you because without your Jeep the movie may not have been made. In short a great movie if you are looking for something to laugh at. If you want a good movie maybe look for something else but if you don't mind a laugh at the expense of a man in a monkey suit grab yourself a copy.",positive
Joker,"I would recommend this film to anyone who is searching for a relaxing, fun-filled, thought-provoking movie. The absence of sex, vulgarities and violence made for a most pleasant evening. I especially enjoyed the Buffalo scene, but that's probably because I live a short distance from there. Even so, this film could have been produced in any city; it's the theme that's so important here. I'm just grateful that Manna From Heaven dropped down on us. Try it...you'll like it!",positive
Shutter Island,"The Drug Years actually suffers from one of those aspects to mini-series or other kinds of TV documentaries run over and over again for a couple of weeks on TV. It's actually not long enough, in a way. All of the major bases in the decades are covered, and they're all interesting to note as views into post-modern history and from different sides. But it almost doesn't cover enough, or at least what is covered at times is given a once over when it could deserve more time. For example, the information and detail in part three about the whole process and business unto itself of shipping mass amounts of drugs (partly the marijuana, later cocaine) is really well presented, but there are more details that are kept at behest of how much time there is to cover.<br /><br />Overall though the documentary does shed enough light on how drugs, pop-culture, government intervention, the upper classes and lower classes and into suburbia, all felt the wave of various drugs over the years, and the interplay between all was very evident. Nobody in the film- except for the possibility of small hints with the pot)- goes to endorse drugs outright, but what is shown are those in archival clips about the honesty of what is at times fun, and then tragic, about taking certain drugs. The appearances of various staunch, ridiculously anti-drug officials does hammer some points down hard- with even in such an overview of the drug cultures and America's connection as a whole- as there is really only one major point that is made a couple of times by one of the interviewees. The only way to really approach the issue of drugs is not 'just say no', because as the war on drugs has shown it is not as effective as thought. It is really just to come clean on all sides about all the drugs and the people who may be hypocritical about them (as, for example, oxycontin continues on in the marketplace).<br /><br />Is it with the great interest and depth of a Ken Burns documentary? No, but for some summertime TV viewing for the young (i.e. my age) who will view a lot of this as almost ancient history despite most of it being no more than a generation ago, as well as for the 'old' who can reflect some decades later about the great peaks, careless times, and then the disillusionment prodded more by the same media that years earlier propagated and advertised it. There are those who might find the documentary to be particularly biased, which is not totally untrue, but it does attempt to get enough different takes on the social, political, and entertainment conditions of drugs interweaving (for better or obvious worse) for enough of a fascinating view.",positive
La La Land,"Although Humphrey Bogart got star billing in King Of The Underworld, I'm willing to bet he didn't thank Jack Warner for it. In fact this film was one hollow crown.<br /><br />King of the Underworld was supposedly a remake of the Paul Muni film, Dr. Socrates, but given Humphrey Bogart was in the cast, the character is written more like Duke Mantee in The Petrified Forest. He even has an English writer along in the person of James Stephenson.<br /><br />Kay Francis and John Eldredge are a pair of married doctors and Eldredge pulls off a tricky bit of surgery on one of Bogart's henchmen. Bogey's a man who appreciates good work done on his behalf and gives Eldredge $500.00 and there's more where that came from if he plays his cards right. Eldredge who has a gambling problem sees a good way to get some undeclared income. <br /><br />But when he's killed in a raid on the gang's hideout, Francis is also thought to be involved by the law and the American Medical Association no matter how much she protests her innocence. It's no good and she and her aunt Jessie Busley move to a small town to get away from the notoriety.<br /><br />Of course the notoriety and Bogart and an itinerant Leslie Howard like writer in Stephenson all meet up with her again. But Kay is plucky and resourceful to say the least.<br /><br />Bogart's character was ridiculous, no wonder the poor guy was screaming for better parts. He's a gangster who both shoots down people without mercy and gives his henchmen hotfoots just for laughs. He's concerned about his image and therefore kidnaps writer Stephenson to ghost write his autobiography and of course confesses enough to burn him in all 48 states. And then let's Kay Francis completely outsmart him, hard to believe he was king of anything.<br /><br />Definitely one of the lesser works for either of the stars.",negative
The Shawshank Redemption,"Jack Webb is riveting as a Marine Corp drill instructor in the D.I.. Webb play Sgt.Jim Moore, a tough but fair Marine whose job it is to prepare young teens for possible combat. No one could have played this role any better that Jack Webb. As a former Marine,I can assure that this is the most accurate film dealing with basic training in the Corp. Extremely entertaining!",positive
Fight Club,"The Little Mermaid is one of my absolute favorite Disney movies. I'm sorry to say, however, that Disney completely messed up when they made this sequel. I'll admit it has some good points to it. The songs aren't bad, and the animation is clean and clear. There is some humor, I'm sure--I don't remember, because after watching it I immediately banned it from appearing before my eyes again. The worst point of this movie is the plot. In this movie, Ariel becomes her father. She forbids her daughter to go near the sea (yes, out of fear), just as she was forbidden to go near the land. I personally think that, given her past, Ariel would maintain some of her headstrong ways and not treat her daughter like she herself was treated.<br /><br />Besides this fact, Ursula was replaced by a non-scary, pathetic sort of sea witch (the underfed, forgotten sister) who is more comical than scary. She, too, has some little underling to do her bidding--but she's not scarier or worse than Ursula. Ursula spoiled us with her believability for badness. This sea witch is a joke.<br /><br />To make matters worse, Flounder is a fat, deep-voiced father (no longer the cute guppy we all know and love) and Eric's voice is not even done by the same actor (something that always annoys me in a remake/sequel). (His voice difference was very obvious to me, by the way!) I felt that the only reason this movie was made was so that Disney could catch a few fast dollars, something I hate to think about a corporation I actually really do enjoy. I felt that this plot lacked imagination. I know that this act (child following in the footsteps of a parent) happens, but Ariel was different. That was what we loved so much about her. She had a dream, she fell in love, and she made that dream come true. Until she appeared in this movie, that is. Then she became just like the other adults. This isn't the Ariel I know. And I don't like her.<br /><br />I know of some children who have enjoyed this film, and I know some adults who didn't mind it, either. But for me, and for all of you out there who have the utmost love for Ariel, please don't see this movie. The Ariel we know dies within, resurrected only for a song or two and one final scene that actually isn't bad (where she accepts the water back again)--although she takes very little part in the ending, regardless.",negative
Gladiator,"I am always wary of taking too instant a dislike to a film. Look at it a month later and you might see it differently, or dig it up after 50 years in a different continent and some cult followers find something stylistically remarkable that went unnoticed at first. After sitting through The Great Ecstasy of Robert Carmichael at its UK premiere, it came as no surprise to me that I found the question and answer session afterwards more interesting than the film itself. Shane Danielsen (Artistic Director of the Edinburgh International Film Festival), aided by the film's director and producer, gave a spirited defence of a movie than received an overall negative response from the audience. Edinburgh Festival audiences are not easily shocked. Only one person walked out in disgust. The criticisms of the film included very articulate and constructive ones from the lay public as well as an actor and a woman who teaches M.A. film directors. This was not an overly 'shocking' film. There was a degree of uninterrupted sexual violence, but far less extreme than many movies (most actual weapon contact was obscured, as were aroused genitals). The audience disliked it because they had sat through two hours that were quite boring, where the acting standards were not high, where the plot was poor, predictable and drawn out, and where they had been subjected to clumsy and pretentious film-making on the promise of a controversial movie. Metaphors to the war in Iraq are contrived, over-emphasised and sloppy (apart from a general allusion to violence, any deeper meaning is unclear); and the 'fig-leaf' reference Marquis de Sade, as one audience member put it, seems a mere tokenistic excuse for lack of plot development towards the finale.<br /><br />We have the story of an adolescent who has a certain amount going for him (he stands out at school for his musical ability) but takes drugs and hangs out with youths who have little or nothing going for them and whose criminal activities extend to rape and violence. When pushed, Robert seems to have a lot of violence locked inside him.<br /><br />The film is not entirely without merit. The audience is left to decide how Robert got that way: was it the influence of his peers? Why did all the good influences and concern from parents and teachers not manage to include him in a better approach to life? Cinematically, there is a carefully-montaged scene where he hangs back (whether through too much drugs, shyness, a latent sense of morality or just waiting his turn?). Several of his friends are raping a woman in a back room, partly glimpsed and framed in the centre of the screen. In the foreground of the bare bones flat, a DJ is more concerned that the girl's screams interrupt his happy house music than with any thought for the woman. Ultimately he is a bit annoyed if their activities attract police attention. The stark juxtaposition of serious headphones enjoyment of his music even when he knows a rape is going on points up his utter disdain in a deeply unsettling way. Robert slumps with his back to us in the foreground.<br /><br />But the rest of the film, including its supposedly controversial climax involving considerable (if not overly realistic) sexual violence, is not up to this standard. Some people have had a strong reaction to it (the filmmakers' stated intention: ""If they vomit, we have succeeded in producing a reaction"") but mostly - and as far as I can tell the Edinburgh reaction seems to mirror reports from Cannes - they feel, ""Why have programmers subjected us to such inferior quality film-making?"" Director Clay Hugh can talk the talk but has not developed artistic vision. His replies about holding up a mirror to life to tell the truth about things that are swept under the carpet, even his defence that there is little plot development because he didn't want to do a standard Hollywood movie - all are good answers to criticisms, but unfortunately they do not apply to his film, any more than they do to holding up a mirror while someone defecates, or wastes film while playing ineptly with symbols. Wanting to try and give him the benefit of any lingering doubt, I spoke to him for a few minutes after the screening, but I found him as distasteful as his movie and soon moved to the bar to wash my mouth out with something more substantial. There are many truths. One aspect of art is to educate, another to entertain, another to inspire. I had asked him if he had any social or political agenda and he mentions Ken Loach (one of the many great names he takes in vain) without going so far as to admit any agenda himself. He then falls back on his mantra about his job being to tell the truth. I am left with the feeling that this was an overambitious project for a new director, or else a disingenuous attempt to put himself on the map by courting publicity for second rate work<br /><br />Andy Warhol could paint a tin of soup and it was art. Clay Hugh would like to emulate the great directors that have made controversial cinema and pushed boundaries. Sadly, his ability at the moment only extends to making high-sounding excuses for a publicity-seeking film.",negative
Whiplash,"This film was the first British teen movie to actually address the reality of the violent rock and roll society, rather than being a lucid parody of 1950s teenage life. In an attempt to celebrate the work of Liverpool's Junior Liaison Officers the opening title points out that 92% of potential delinquents, who have been dealt with under this scheme, have not committed a second crime. However, this becomes merely a pretext to the following teen-drama until the film's epilogue where we are instructed that we shouldn't feel responsible or sorry for such delinquents however mixed-up they might seem.<br /><br />Stanley Baker plays a tough detective who reluctantly takes on the post of Juvenile Liaison Officer. This hard-boiled character is a role typical of Baker. Having been currently on the trail of a notorious arsonist known as the firefly and does not relish the distraction of the transfer. However, as in all good police dramas he is led back full circle by a remarkable turn of events, back to his original investigation.<br /><br />His first case leads him to the home of two young children, Mary and Patrick Murphy (played by real-life brother and sister duo), who have committed a petty theft. Here he meets Cathie (satisfyingly portrayed by Anne Heywood) their older sister whom he eventually becomes romantically involved with. It quickly becomes obvious that the squalid environment of such inner-city estates is a breeding ground for juvenile delinquency.<br /><br />The elder brother of the Murphy family, Johnny, is the leader of a gang of rock and roll hoodlums. McCallum does an eye-catching turn as the Americanized mixed-up kid, who owes more to the likes of Marlon Brando, than any previous British star. One is reminded of Brando's character Johnny from 'The Wild One' who led a leather-clad gang of rebellious bikers in much the same way as this film's 'Johnny' leads his gang.<br /><br />Thankfully the preachiness of earlier Dearden crime dramas such as 'The Blue Lamp' is not so apparent. Instead we are presented with several well drawn-out characters on both sides of the law as the drama of the delinquents and the romantic interest between Heywood and Baker takes the forefront.<br /><br />The plot, whilst at times predictable, does deliver some memorable scenes. The disruptive influence that rock and roll music was thought to have had is played out in a scene where Johnny abandons himself to the music, leading a menacing advance on the police sergeant. The most grippingly memorable piece of film however is the climatic classroom scene where a bunch of terrified school children, including Mary and Patrick, are held hostage at gunpoint by Johnny. Obviously in the light of the real-life Dumblaine Massacre this scene seems all the horrifying. Understandably because of this the film is seldom aired or available to modern audiences.",positive
Coco,"This was a disappointing film for me. It came to me via a boxed set entitled, ""Classic Film Noir,"" which was a gift from someone who knows I typically enjoy films done in that style (I insist that noir is a style, not a genre). I do not think it is a noir film at all. There seems to be a tendency these days to label and market every black and white B movie made from 1947 to 1955 as noir, and the label does not always fit. There is a persecuted male protagonist, Ed Cullen (Lee J. Cobb), and most of the film's action takes place indoors. Those are just about the only noir elements that I could see. There is no pervasive paranoia, or any real reason why one should sympathize with Ed Cullen. Jane Wyatt was overdressed and unconvincing as a femme fatale. I do not want to spoil this film for potential viewers. However, I would be interested in hearing what other connoisseurs of film noir have to say about it.",negative
Parasite,"Boring movie. Poor plot. Poor actors. The movie happens in a room supposed to be in Morocco but actually in some American city! The ""Arab terrorists"" are the patriots the blonde patriot is the ""Arab terrorist""...DAMN!<br /><br />There is something good about this movie though (that's why the score is 2 out of 10). The director turns the ridiculous stereotype about terrorism the media feeds us every day into the real thing, the terrorists are Americans (or western people if you like).<br /><br />The movie is divided into two parts. The first part of the movie concerns the Dutchman travel (15 seconds) while the second part is about the staying in the amazing dark brown room (1 hour and something).<br /><br />The Dutch guy is going to deliver money in Morocco to some ""charity organization"", gets off the plain, takes the bus and ends up kidnapped in a dark brown room. He is kidnapped with another guy that is shot after telling ""They will not shoot at us"". The Dutch survivor is forced to play chess with a Morpheus-like Arab guy for so long that you'll learn how to play chess too! At the end the dutch guy reveals his plot not because they cut four of his fingers off but because he is tricked by such a lame game you should watch the movie for!<br /><br />Good when you are so tired you can't sleep.",negative
